<!-- [ Mirror metadata ] generatedAt: 1465329514849 -->
<!-- Generated screen file. Fill the id tags below with content with
which to populate your previewed layout. For a complete specification
of sample data, please see http://jimulabs.com/sample-data-specifications/ 

Valid attributes on <screen> tag: theme="@style/someTheme" inEditMode="false" overlay="@drawable/mockup" -->
<screen>
    <_content layout="@layout/content_more">
        <!-- TextView Examples:
        <more_title text="@string/string_resource" />
        <more_title text="Text literal" textSize="14sp" /> -->
        <more_title />
        <more_date />
        <more_body />
        <comment_recycler layoutManager="linear:vertical">
        <!-- Examples of valid layoutManager values: "linear", "staggeredGrid:5:horizontal", "staggeredGrid:4" -->
            <items layout="@android:layout/simple_list_item_1" >
                <_item>
                    <text1>Apple</text1>
                </_item>
                <_item>
                    <text1>Orange</text1>
                </_item>
                <_item>
                    <text1>Pear</text1>
                </_item>
                <_item>
                    <text1>Grapefruit</text1>
                </_item>
                <_item>
                    <text1>Banana</text1>
                </_item>
                <_item>
                    <text1>Lemon</text1>
                </_item>
                <_item>
                    <text1>Carrot</text1>
                </_item>
            </items>
                </comment_recycler>
        <!-- ImageView Examples:
        <send_button src="@drawable/image_resource" />
        <send_button src="relative_path/image.jpg" /> -->
        <send_button />
    </_content>
</screen>
