<!-- [ Mirror metadata ] generatedAt: 1465329514979 -->
<!-- Generated screen file. Fill the id tags below with content with
which to populate your previewed layout. For a complete specification
of sample data, please see http://jimulabs.com/sample-data-specifications/ 

Valid attributes on <screen> tag: theme="@style/someTheme" inEditMode="false" overlay="@drawable/mockup" -->
<screen>
    <_content layout="@layout/nav_header_main">
        <!-- TextView Examples:
        <username text="@string/string_resource" />
        <username text="Text literal" textSize="14sp" /> -->
        <username />
        <email />
        <!-- ImageView Examples:
        <edit_image src="@drawable/image_resource" />
        <edit_image src="relative_path/image.jpg" /> -->
        <edit_image />
    </_content>
</screen>
